<TextureAtlas imagePath="celeste_menuAtlas.png">
    <!-- Celeste Archers -->
    <SubTexture name="portraits/gemCeleste" x="215" y="124" width="40" height="120"/>
    <SubTexture name="portraits/notJoinedCeleste" x="1" y="1" width="60" height="120"/>
    <SubTexture name="portraits/notJoinedCelesteAlt" x="123" y="1" width="60" height="120"/>
    <SubTexture name="portraits/joinedCeleste" x="62" y="1" width="60" height="120"/>
    <SubTexture name="portraits/joinedCelesteAlt" x="184" y="1" width="60" height="120"/>
    <SubTexture name="portraits/joinedCelesteSec" x="1" y="122" width="60" height="120"/>
    <SubTexture name="portraits/winCeleste" x="62" y="122" width="50" height="50"/>
    <SubTexture name="portraits/winCelesteAlt" x="113" y="122" width="50" height="50"/>
    <SubTexture name="portraits/winCelesteSec" x="164" y="122" width="50" height="50"/>
    <SubTexture name="portraits/loseCeleste" x="62" y="173" width="50" height="50"/>
    <SubTexture name="portraits/loseCelesteAlt" x="113" y="173" width="50" height="50"/>
    <SubTexture name="portraits/loseCelesteSec" x="164" y="173" width="50" height="50"/>
</TextureAtlas>