<Archers>
  <!-- Celeste -->
  <Archer>
    <Name0>TENACIOUS</Name0>
    <Name1>TRAVELER</Name1>
    <ColorA>89A3FF</ColorA>
    <ColorB>AAB6FF</ColorB>
    <LightbarColor>4000D9</LightbarColor>
    <Aimer>aimers/celeste</Aimer>
    <Corpse>CelesteCorpse</Corpse>
    <VictoryMusic>Team</VictoryMusic>
    <Gender>Female</Gender>
    <StartNoHat>True</StartNoHat>
    <Hair>True</Hair>

    <SFX>0</SFX>
    <CustomSFX>
      <Fallback>GREEN</Fallback>
    </CustomSFX>

    <!-- <EightPlayersNotJoinedPortraitTopOffset>10</EightPlayersNotJoinedPortraitTopOffset>
    <EightPlayersJoinedPortraitTopOffset>10</EightPlayersJoinedPortraitTopOffset> -->

    <Sprites>
      <Body>Celeste</Body>
      <HeadNormal>CelesteHead</HeadNormal>
      <HeadNoHat>CelesteHead</HeadNoHat>
      <HeadCrown>CelesteCrown</HeadCrown>
      <Bow>CelesteBow</Bow>
    </Sprites>

    <Portraits>
      <NotJoined>portraits/notJoinedCeleste</NotJoined>
      <Joined>portraits/joinedCeleste</Joined>
      <Win>portraits/winCeleste</Win>
      <Lose>portraits/loseCeleste</Lose>
    </Portraits>

    <Statue>
      <Image>player/statues/celeste</Image>
      <Glow>player/statues/celesteGlow</Glow>
    </Statue>

    <Gems>
      <Menu>GemCelesteMenu</Menu>
      <Gameplay>GemCeleste</Gameplay>
    </Gems>

    <Breathing>
      <Offset x="10" y="-4"/>
      <DuckingOffset x="10" y="1"/>
      <Interval>120</Interval>
    </Breathing>

    <HairInfo>
      <Links>5</Links>
      <Scale>2</Scale>
      <LinksDist>3</LinksDist>
      <X>0</X>
      <Y>2</Y>
      <DuckingOffset>2</DuckingOffset>
      <Color>c33f3f</Color>
      <!-- <EndColor>4cff00</EndColor> -->
      <!-- <HairSprite>player/madeline/hair</HairSprite> -->
      <!-- <HairEndSprite>player/madeline/hairEnd</HairEndSprite> -->
      <!-- <OutlineColor>f70000</OutlineColor> -->
      <!-- <Gradient>True</Gradient> -->
      <!-- <GradientOffset>1</GradientOffset> -->
      <!-- <Prismatic>True</Prismatic> -->
      <!-- <PrismaticTime>1</PrismaticTime> -->
      <!-- <PrismaticEnd>True</PrismaticEnd> -->
      <!-- <SineValue>30</SineValue> -->
    </HairInfo>
  </Archer>

  <AltArcher>
    <Name0>RELENTLESS</Name0>
    <Name1>REFLECTION</Name1>
    <SFX>7</SFX>
    <Corpse>Celeste_AltCorpse</Corpse>
    <StartNoHat>True</StartNoHat>

    <HairColor>B532AA</HairColor>
    <CustomSFX>
      <Name>ALT\BADELINE</Name>
      <Fallback>RED_ALT</Fallback>
    </CustomSFX>

    <Sprites>
      <Body>Celeste_Alt</Body>
      <HeadNormal>Celeste_AltHead</HeadNormal>
      <HeadNoHat>Celeste_AltHead</HeadNoHat>
      <HeadCrown>Celeste_AltCrown</HeadCrown>
      <Bow>Celeste_AltBow</Bow>
    </Sprites>

    <Portraits>
      <NotJoined>portraits/notJoinedCelesteAlt</NotJoined>
      <Joined>portraits/joinedCelesteAlt</Joined>
      <Win>portraits/winCelesteAlt</Win>
      <Lose>portraits/loseCelesteAlt</Lose>
    </Portraits>

    <Statue>
      <Image>player/statues/celesteAlt</Image>
      <Glow>player/statues/celesteAltGlow</Glow>
    </Statue>

    <HairInfo>
       <Links>5</Links>
       <Scale>2</Scale>
       <LinksDist>3</LinksDist>
       <X>0</X>
       <Y>2</Y>
       <DuckingOffset>2</DuckingOffset>    
       <Color>B532AA</Color>
    </HairInfo>
  </AltArcher>

  <SecretArcher>
    <Name0>RESOLVED</Name0>
    <Name1>TRAVELER</Name1>
    <Corpse>Celeste_SecCorpse</Corpse>
    <StartNoHat>True</StartNoHat>

    <SFX>0</SFX>
    <CustomSFX>
      <Fallback>GREEN</Fallback>
    </CustomSFX>

    <Sprites>
      <Body>Celeste_Sec</Body>
      <HeadNormal>Celeste_SecHead</HeadNormal>
      <HeadNoHat>Celeste_SecHead</HeadNoHat>
      <HeadCrown>Celeste_SecCrown</HeadCrown>
      <Bow>Celeste_SecBow</Bow>
    </Sprites>

    <Portraits>
      <NotJoined>portraits/notJoinedCeleste</NotJoined>
      <Joined>portraits/joinedCelesteSec</Joined>
      <Win>portraits/winCelesteSec</Win>
      <Lose>portraits/loseCelesteSec</Lose>
    </Portraits>

    <Statue>
      <Image>player/statues/celesteSec</Image>
      <Glow>player/statues/celesteAltGlow</Glow>
    </Statue>

    <Breathing>
      <Offset x="10" y="-4"/>
      <DuckingOffset x="10" y="1"/>
      <Interval>120</Interval>
    </Breathing>

    <HairInfo>
       <Links>5</Links>
       <Scale>2</Scale>
       <LinksDist>3</LinksDist>
       <X>0</X>
       <Y>2</Y>
       <DuckingOffset>2</DuckingOffset>    
       <Color>f960a6</Color>
    </HairInfo>
  </SecretArcher>
</Archers>