<TextureAtlas imagePath="celeste_atlas.png">
    <!-- Celeste Archers -->
    <SubTexture name="aimers/celeste" x="203" y="107" width="30" height="10"/>
    <SubTexture name="corpses/celeste/normal" x="1" y="169" width="72" height="20"/>
    <SubTexture name="corpses/celeste/blueTeam" x="74" y="169" width="72" height="20"/>
    <SubTexture name="corpses/celeste/redTeam" x="147" y="169" width="72" height="20"/>
    <SubTexture name="corpses/celeste/flash" x="1" y="232" width="72" height="20"/>
    <SubTexture name="corpses/celeste_alt/normal" x="1" y="211" width="72" height="20"/>
    <SubTexture name="corpses/celeste_alt/redTeam" x="74" y="211" width="72" height="20"/>
    <SubTexture name="corpses/celeste_alt/flash" x="74" y="232" width="72" height="20"/>
    <SubTexture name="corpses/celeste_sec/normal" x="1" y="190" width="72" height="20"/>
    <SubTexture name="corpses/celeste_sec/blueTeam" x="74" y="190" width="72" height="20"/>
    <SubTexture name="corpses/celeste_sec/redTeam" x="147" y="190" width="72" height="20"/>
    <SubTexture name="pickups/celesteGem" x="224" y="118" width="10" height="90"/>
    <SubTexture name="player/hairCeleste" x="147" y="211" width="4" height="4"/>
    <SubTexture name="player/hairEndCeleste" x="152" y="211" width="4" height="4"/>
    <SubTexture name="player/Celeste" x="1" y="1" width="200" height="20"/>
    <SubTexture name="player/Celeste_blue" x="1" y="22" width="200" height="20"/>
    <SubTexture name="player/Celeste_red" x="1" y="43" width="200" height="20"/>
    <SubTexture name="player/Celeste_Alt" x="1" y="64" width="200" height="20"/>
    <SubTexture name="player/Celeste_Alt_red" x="1" y="85" width="200" height="20"/>
    <SubTexture name="player/Celeste_Sec" x="1" y="106" width="200" height="20"/>
    <SubTexture name="player/Celeste_Sec_blue" x="1" y="127" width="200" height="20"/>
    <SubTexture name="player/Celeste_Sec_red" x="1" y="148" width="200" height="20"/>
    <SubTexture name="player/CelesteBow" x="147" y="216" width="20" height="39"/>
    <SubTexture name="player/CelesteBow_blue" x="168" y="216" width="20" height="39"/>
    <SubTexture name="player/CelesteBow_red" x="189" y="216" width="20" height="39"/>
    <SubTexture name="player/Celeste_AltBow" x="210" y="216" width="20" height="39"/>
    <SubTexture name="player/Celeste_AltBow_red" x="231" y="216" width="20" height="39"/>
    <SubTexture name="player/Celeste_SecBow" x="235" y="1" width="20" height="39"/>
    <SubTexture name="player/Celeste_SecBow_blue" x="235" y="41" width="20" height="39"/>
    <SubTexture name="player/Celeste_SecBow_red" x="235" y="81" width="20" height="39"/>
    <SubTexture name="player/head/CelesteHead" x="202" y="1" width="30" height="20"/>
    <SubTexture name="player/head/CelesteCrown" x="203" y="12" width="30" height="30"/>
    <SubTexture name="player/head/Celeste_AltHead" x="204" y="33" width="30" height="20"/>
    <SubTexture name="player/head/Celeste_AltCrown" x="202" y="54" width="30" height="20"/>
    <SubTexture name="player/head/Celeste_SecHead" x="203" y="65" width="30" height="30"/>
    <SubTexture name="player/head/Celeste_SecCrown" x="204" y="86" width="30" height="20"/>
    <SubTexture name="player/statues/celeste" x="235" y="142" width="20" height="20"/>
    <SubTexture name="player/statues/celesteGlow" x="235" y="121" width="20" height="20"/>
    <SubTexture name="player/statues/celesteAlt" x="235" y="184" width="20" height="20"/>
    <SubTexture name="player/statues/celesteAltGlow" x="235" y="163" width="20" height="20"/>
    <SubTexture name="player/statues/celesteSec" x="202" y="118" width="20" height="20"/>
</TextureAtlas>