<SpriteData>

<!-- Player Celeste -->

  <sprite_int id="GemCeleste">
    <Texture>pickups/celesteGem</Texture>
    <FrameWidth>10</FrameWidth>
    <FrameHeight>10</FrameHeight>
    <OriginX>5</OriginX>
    <OriginY>5</OriginY>
    <Animations>
      <Anim id="0" delay=".1" loop="True" frames="0,0,0,1,2,3,4,5,6,7,8,0,0,0,0,0,0,0,0,0,0,0,0,0"/>
    </Animations>
  </sprite_int>

  <sprite_string id="Celeste">
    <Texture>player/Celeste</Texture>
    <RedTexture>player/Celeste_red</RedTexture>
    <BlueTexture>player/Celeste_blue</BlueTexture>
    <FrameWidth>20</FrameWidth>
    <FrameHeight>20</FrameHeight>
    <OriginX>12</OriginX>
    <OriginY>20</OriginY>
    <X>0</X>
    <Y>8</Y>
    <Animations>
      <Anim id="stand" frames="0"/>
      <Anim id="run" delay=".06" frames="2,1,2,3"/>
      <Anim id="jump" delay=".06" frames="5" loop="False"/>
      <Anim id="fall" delay=".06" frames="6" loop="True"/>
      <Anim id="glide" delay=".06" frames="6" loop="True"/>
      <Anim id="ledge" frames="4"/>
      <Anim id="dodge" delay=".1" frames="7"/>
      <Anim id="duck" frames="9"/>
      <Anim id="slide_nohat" frames="8"/>
      <Anim id="slide_normal" frames="8"/>
      <Anim id="slide_crown" frames="8"/>
    </Animations>
    <HeadYOrigins>19,19,18,17,19,19,18,18,15,15</HeadYOrigins>
  </sprite_string>

  <sprite_string id="CelesteHead">
    <Texture>player/head/CelesteHead</Texture>
    <FrameWidth>10</FrameWidth>
    <FrameHeight>10</FrameHeight>
    <OriginX>6</OriginX>
    <OriginY>0</OriginY>
    <X>0</X>
    <Y>7</Y>
    <Animations>
      <Anim id="idle" frames="0"/>
      <Anim id="lookUp" frames="1"/>
      <Anim id="lookDown" frames="2"/>
      <Anim id="lookBack" frames="3"/>
      <Anim id="idleFall" frames="0"/>
      <Anim id="lookUpFall" frames="1"/>
      <Anim id="lookDownFall" frames="2"/>
      <Anim id="lookBackFall" frames="3"/>
      <Anim id="idleJump" frames="0"/>
      <Anim id="lookUpJump" frames="1"/>
      <Anim id="lookDownJump" frames="2"/>
      <Anim id="lookBackJump" frames="3"/>
      <Anim id="duck" frames="4"/>
    </Animations>
  </sprite_string>

  <sprite_string id="CelesteCrown">
    <Texture>player/head/CelesteCrown</Texture>
    <FrameWidth>10</FrameWidth>
    <FrameHeight>10</FrameHeight>
    <OriginX>6</OriginX>
    <OriginY>0</OriginY>
    <X>0</X>
    <Y>8</Y>
    <Animations>
      <Anim id="idle" frames="2"/>
      <Anim id="lookUp" frames="3"/>
      <Anim id="lookDown" frames="4"/>
      <Anim id="lookBack" frames="5"/>
      <Anim id="idleFall" frames="2"/>
      <Anim id="lookUpFall" frames="3"/>
      <Anim id="lookDownFall" frames="4"/>
      <Anim id="lookBackFall" frames="5"/>
      <Anim id="idleJump" frames="2"/>
      <Anim id="lookUpJump" frames="3"/>
      <Anim id="lookDownJump" frames="4"/>
      <Anim id="lookBackJump" frames="5"/>
      <Anim id="duck" frames="6"/>
    </Animations>
  </sprite_string>

  <sprite_string id="CelesteBow">
    <Texture>player/CelesteBow</Texture>
    <RedTexture>player/CelesteBow_red</RedTexture>
    <BlueTexture>player/CelesteBow_blue</BlueTexture>
    <FrameWidth>20</FrameWidth>
    <FrameHeight>13</FrameHeight>
    <OriginX>5</OriginX>
    <OriginY>5</OriginY>
    <X>0</X>
    <Y>-2</Y>
    <DownY>1</DownY>
    <Animations>
      <Anim id="idle" frames="1"/>
      <Anim id="drawn" frames="0"/>
      <Anim id="drawnEmpty" frames="2"/>
    </Animations>
  </sprite_string>

<!-- Player Celeste Alt -->

  <sprite_string id="Celeste_Alt">
    <Texture>player/Celeste_Alt</Texture>
    <RedTexture>player/Celeste_Alt_red</RedTexture>
    <BlueTexture>player/Celeste_Alt</BlueTexture>
    <FrameWidth>20</FrameWidth>
    <FrameHeight>20</FrameHeight>
    <OriginX>12</OriginX>
    <OriginY>20</OriginY>
    <X>0</X>
    <Y>8</Y>
    <Animations>
      <Anim id="stand" frames="0"/>
      <Anim id="run" delay=".06" frames="2,1,2,3"/>
      <Anim id="jump" delay=".06" frames="5" loop="False"/>
      <Anim id="fall" delay=".06" frames="6" loop="True"/>
      <Anim id="glide" delay=".06" frames="6" loop="True"/>
      <Anim id="ledge" frames="4"/>
      <Anim id="dodge" delay=".1" frames="7"/>
      <Anim id="duck" frames="9"/>
      <Anim id="slide_nohat" frames="8"/>
      <Anim id="slide_normal" frames="8"/>
      <Anim id="slide_crown" frames="8"/>
    </Animations>
    <HeadYOrigins>19,19,18,17,19,19,18,18,15,15</HeadYOrigins>
  </sprite_string>

  <sprite_string id="Celeste_AltHead">
    <Texture>player/head/Celeste_AltHead</Texture>
    <FrameWidth>10</FrameWidth>
    <FrameHeight>10</FrameHeight>
    <OriginX>6</OriginX>
    <OriginY>0</OriginY>
    <X>0</X>
    <Y>7</Y>
    <Animations>
      <Anim id="idle" frames="1"/>
      <Anim id="lookUp" frames="2"/>
      <Anim id="lookDown" frames="3"/>
      <Anim id="lookBack" frames="4"/>
      <Anim id="idleFall" frames="1"/>
      <Anim id="lookUpFall" frames="2"/>
      <Anim id="lookDownFall" frames="3"/>
      <Anim id="lookBackFall" frames="4"/>
      <Anim id="idleJump" frames="1"/>
      <Anim id="lookUpJump" frames="2"/>
      <Anim id="lookDownJump" frames="3"/>
      <Anim id="lookBackJump" frames="4"/>
      <Anim id="duck" frames="5"/>
    </Animations>
  </sprite_string>

  <sprite_string id="Celeste_AltCrown">
    <Texture>player/head/Celeste_AltCrown</Texture>
    <FrameWidth>10</FrameWidth>
    <FrameHeight>10</FrameHeight>
    <OriginX>6</OriginX>
    <OriginY>0</OriginY>
    <X>0</X>
    <Y>8</Y>
    <Animations>
      <Anim id="idle" frames="0"/>
      <Anim id="lookUp" frames="1"/>
      <Anim id="lookDown" frames="2"/>
      <Anim id="lookBack" frames="3"/>
      <Anim id="idleFall" frames="0"/>
      <Anim id="lookUpFall" frames="1"/>
      <Anim id="lookDownFall" frames="2"/>
      <Anim id="lookBackFall" frames="3"/>
      <Anim id="idleJump" frames="0"/>
      <Anim id="lookUpJump" frames="1"/>
      <Anim id="lookDownJump" frames="2"/>
      <Anim id="lookBackJump" frames="3"/>
      <Anim id="duck" frames="4"/>
    </Animations>
  </sprite_string>

  <sprite_string id="Celeste_AltBow">
    <Texture>player/Celeste_AltBow</Texture>
    <RedTexture>player/Celeste_AltBow_red</RedTexture>
    <BlueTexture>player/Celeste_AltBow</BlueTexture>
    <FrameWidth>20</FrameWidth>
    <FrameHeight>13</FrameHeight>
    <OriginX>5</OriginX>
    <OriginY>5</OriginY>
    <X>0</X>
    <Y>-2</Y>
    <DownY>1</DownY>
    <Animations>
      <Anim id="idle" frames="1"/>
      <Anim id="drawn" frames="0"/>
      <Anim id="drawnEmpty" frames="2"/>
    </Animations>
  </sprite_string>

<!-- Player Celeste Secret -->

  <sprite_string id="Celeste_Sec">
    <Texture>player/Celeste_Sec</Texture>
    <RedTexture>player/Celeste_Sec_red</RedTexture>
    <BlueTexture>player/Celeste_Sec_blue</BlueTexture>
    <FrameWidth>20</FrameWidth>
    <FrameHeight>20</FrameHeight>
    <OriginX>12</OriginX>
    <OriginY>20</OriginY>
    <X>0</X>
    <Y>8</Y>
    <Animations>
      <Anim id="stand" frames="0"/>
      <Anim id="run" delay=".06" frames="2,1,2,3"/>
      <Anim id="jump" delay=".06" frames="5" loop="False"/>
      <Anim id="fall" delay=".06" frames="6" loop="True"/>
      <Anim id="glide" delay=".06" frames="6" loop="True"/>
      <Anim id="ledge" frames="4"/>
      <Anim id="dodge" delay=".1" frames="7"/>
      <Anim id="duck" frames="9"/>
      <Anim id="slide_nohat" frames="8"/>
      <Anim id="slide_normal" frames="8"/>
      <Anim id="slide_crown" frames="8"/>
    </Animations>
    <HeadYOrigins>19,19,18,17,19,19,18,18,15,15</HeadYOrigins>
  </sprite_string>

  <sprite_string id="Celeste_SecHead">
    <Texture>player/head/Celeste_SecHead</Texture>
    <FrameWidth>10</FrameWidth>
    <FrameHeight>10</FrameHeight>
    <OriginX>6</OriginX>
    <OriginY>0</OriginY>
    <X>0</X>
    <Y>7</Y>
    <Animations>
      <Anim id="idle" frames="2"/>
      <Anim id="lookUp" frames="3"/>
      <Anim id="lookDown" frames="4"/>
      <Anim id="lookBack" frames="5"/>
      <Anim id="idleFall" frames="2"/>
      <Anim id="lookUpFall" frames="3"/>
      <Anim id="lookDownFall" frames="4"/>
      <Anim id="lookBackFall" frames="5"/>
      <Anim id="idleJump" frames="2"/>
      <Anim id="lookUpJump" frames="3"/>
      <Anim id="lookDownJump" frames="4"/>
      <Anim id="lookBackJump" frames="5"/>
      <Anim id="duck" frames="6"/>
    </Animations>
  </sprite_string>

  <sprite_string id="Celeste_SecCrown">
    <Texture>player/head/Celeste_SecCrown</Texture>
    <FrameWidth>10</FrameWidth>
    <FrameHeight>10</FrameHeight>
    <OriginX>6</OriginX>
    <OriginY>0</OriginY>
    <X>0</X>
    <Y>8</Y>
    <Animations>
      <Anim id="idle" frames="1"/>
      <Anim id="lookUp" frames="2"/>
      <Anim id="lookDown" frames="3"/>
      <Anim id="lookBack" frames="4"/>
      <Anim id="idleFall" frames="1"/>
      <Anim id="lookUpFall" frames="2"/>
      <Anim id="lookDownFall" frames="3"/>
      <Anim id="lookBackFall" frames="4"/>
      <Anim id="idleJump" frames="1"/>
      <Anim id="lookUpJump" frames="2"/>
      <Anim id="lookDownJump" frames="3"/>
      <Anim id="lookBackJump" frames="4"/>
      <Anim id="duck" frames="5"/>
    </Animations>
  </sprite_string>

  <sprite_string id="Celeste_SecBow">
    <Texture>player/Celeste_SecBow</Texture>
    <RedTexture>player/Celeste_SecBow_red</RedTexture>
    <BlueTexture>player/Celeste_SecBow_blue</BlueTexture>
    <FrameWidth>20</FrameWidth>
    <FrameHeight>13</FrameHeight>
    <OriginX>5</OriginX>
    <OriginY>5</OriginY>
    <X>0</X>
    <Y>-2</Y>
    <DownY>1</DownY>
    <Animations>
      <Anim id="idle" frames="1"/>
      <Anim id="drawn" frames="0"/>
      <Anim id="drawnEmpty" frames="2"/>
    </Animations>
  </sprite_string>

    <!-- Corpse Sprite Data -->

  <!-- Celeste Archer -->

  <sprite_string id="CelesteCorpse">
    <Texture>corpses/celeste/normal</Texture>
    <BlueTeam>corpses/celeste/blueTeam</BlueTeam>
    <RedTeam>corpses/celeste/redTeam</RedTeam>
    <Flash>corpses/celeste/flash</Flash>
    <FrameWidth>12</FrameWidth>
    <FrameHeight>20</FrameHeight>
    <Animations>
      <Anim id="ground" frames="0"/>
      <Anim id="fall" frames="1"/>
      <Anim id="pinned" frames="2"/>
      <Anim id="slouched" frames="3"/>
      <Anim id="flying" frames="4"/>
      <Anim id="ledge" frames="5"/>
    </Animations>
  </sprite_string>

  <!-- Celeste Alt Archer -->

  <sprite_string id="Celeste_AltCorpse">
    <Texture>corpses/celeste_alt/normal</Texture>
    <BlueTeam>corpses/celeste_alt/normal</BlueTeam>
    <RedTeam>corpses/celeste_alt/redTeam</RedTeam>
    <Flash>corpses/celeste_alt/flash</Flash>
    <FrameWidth>12</FrameWidth>
    <FrameHeight>20</FrameHeight>
    <Animations>
      <Anim id="ground" frames="0"/>
      <Anim id="fall" frames="1"/>
      <Anim id="pinned" frames="2"/>
      <Anim id="slouched" frames="3"/>
      <Anim id="flying" frames="4"/>
      <Anim id="ledge" frames="5"/>
    </Animations>
  </sprite_string>

  <!-- Celeste Secret Archer -->

  <sprite_string id="Celeste_SecCorpse">
    <Texture>corpses/celeste_sec/normal</Texture>
    <BlueTeam>corpses/celeste_sec/blueTeam</BlueTeam>
    <RedTeam>corpses/celeste_sec/redTeam</RedTeam>
    <Flash>corpses/celeste_alt/flash</Flash>
    <FrameWidth>12</FrameWidth>
    <FrameHeight>20</FrameHeight>
    <Animations>
      <Anim id="ground" frames="0"/>
      <Anim id="fall" frames="1"/>
      <Anim id="pinned" frames="2"/>
      <Anim id="slouched" frames="3"/>
      <Anim id="flying" frames="4"/>
      <Anim id="ledge" frames="5"/>
    </Animations>
  </sprite_string>

 </SpriteData>