

   
<AltArcher For="MADELINE">
<!-- <SecretArcher For="MADELINE"> -->
  <Name0>RELENTLESS</Name0>
  <Name1>REFLECTION</Name1>
  <Corpse>Badeline</Corpse>
  <HairColor>B532AA</HairColor>
  <VictoryMusic>Cyan</VictoryMusic>
  <SFX>10</SFX>
  <StartNoHat>True</StartNoHat>

  <Sprites>
    <Body>BadelineBody</Body>
    <HeadNormal>BadelineHeadNormal</HeadNormal>
    <HeadNoHat>BadelineHeadNormal</HeadNoHat>
    <HeadCrown>BadelineCrown</HeadCrown>
    <Bow>BadelineBow</Bow>
  </Sprites>

  <!-- <Hat>
    <Normal>player/hat/white/alt_normal</Normal>
    <Blue>player/hat/white/alt_blue</Blue>
    <Red>player/hat/white/alt_red</Red>
  </Hat> -->

  <Portraits>
    <NotJoined>portraits/madeline/notJoinedAlt</NotJoined>
    <Joined>portraits/madeline/joinedAlt</Joined>
    <Win>portraits/madeline/winAlt</Win>
    <Lose>portraits/madeline/loseAlt</Lose>
  </Portraits>

  <Statue>
    <Image>player/statues/whiteAlt</Image>
    <Glow>player/statues/whiteAltGlow</Glow>
  </Statue>

  <Gems>
    <Menu>madelineMenuGem</Menu>
    <Gameplay>madelineGem</Gameplay>
  </Gems>

    <HairInfo>
    <Links>5</Links>
    <Scale>2</Scale>
    <LinksDist>3</LinksDist>
    <X>-1</X>
    <Y>2</Y>
    <DuckingOffset>2</DuckingOffset>
    <Color>c33f3f</Color>
    <!-- <EndColor>4cff00</EndColor> -->
    <!-- <HairSprite>player/madeline/hair</HairSprite> -->
    <!-- <HairEndSprite>player/madeline/hairEnd</HairEndSprite> -->
    <!-- <OutlineColor>f70000</OutlineColor> -->
    <!-- <Gradient>True</Gradient> -->
    <!-- <GradientOffset>1</GradientOffset> -->
    <!-- <Prismatic>True</Prismatic> -->
    <!-- <PrismaticTime>1</PrismaticTime> -->
    <!-- <PrismaticEnd>True</PrismaticEnd> -->
    <!-- <SineValue>30</SineValue> -->
  </HairInfo>
</AltArcher>
<!-- </SecretArcher> -->