<!--Madeline & Badeline-->
<TextureAtlas imagePath="Madeline_atlas.png">
    <SubTexture name="aimers/madeline" x="92" y="1" width="30" height="10"/>
    <SubTexture name="corpses/madeline/normal" x="1" y="12" width="72" height="20"/>
    <SubTexture name="player/MadelineBody" x="1" y="76" width="240" height="40"/>
    <SubTexture name="player/head/MadelineHeadNormal" x="1" y="54" width="60" height="10"/>
    <SubTexture name="player/head/MadelineCrown" x="62" y="54" width="60" height="10"/>
    <SubTexture name="player/MadelineBow" x="74" y="12" width="20" height="39"/>
    <SubTexture name="pickups/madelineGem" x="1" y="1" width="160" height="40"/>
    <SubTexture name="corpses/badeline/normal" x="1" y="33" width="72" height="20"/>
    <SubTexture name="player/BadelineBody" x="1" y="117" width="240" height="40"/>
    <SubTexture name="player/head/BadelineHeadNormal" x="1" y="65" width="60" height="10"/>
    <SubTexture name="player/head/BadelineCrown" x="62" y="65" width="60" height="10"/>
    <SubTexture name="player/BadelineBow" x="95" y="12" width="20" height="39"/>
    <SubTexture name="player/madeline/hair" x="123" y="1" width="4" height="4"/>
    <SubTexture name="player/madeline/hairEnd" x="123" y="7" width="4" height="4"/>


  <!--Do NOT modify the 6 subtextures here at all, the sprites are common to some archers and already exist. But still, copy them in the atlas.xml file.-->
    <!-- <SubTexture name="corpses/badeline/blueTeam" x="1076" y="1061" width="72" height="20"/>
    <SubTexture name="corpses/badeline/flash" x="1149" y="1061" width="72" height="20"/>
    <SubTexture name="corpses/badeline/redTeam" x="974" y="1046" width="72" height="20"/>
    <SubTexture name="corpses/madeline/blueTeam" x="1076" y="1019" width="72" height="20"/>
    <SubTexture name="corpses/madeline/flash" x="1149" y="1019" width="72" height="20"/>
    <SubTexture name="corpses/madeline/redTeam" x="1149" y="1040" width="72" height="20"/> -->

    <SubTexture name="corpses/madeline/redTeam" x="1" y="12" width="72" height="20"/>
    <SubTexture name="corpses/madeline/blueTeam" x="1" y="12" width="72" height="20"/>
    <SubTexture name="corpses/madeline/flash" x="1" y="12" width="72" height="20"/>
    <SubTexture name="corpses/badeline/redTeam" x="1" y="33" width="72" height="20"/>
    <SubTexture name="corpses/badeline/blueTeam" x="1" y="12" width="72" height="20"/>
    <SubTexture name="corpses/badeline/flash" x="1" y="12" width="72" height="20"/>
</TextureAtlas>
