<!--Madeline & Badeline-->
<TextureAtlas imagePath="Madeline_menuAtlas.png">
    <SubTexture name="portraits/madeline/notJoined" x="1" y="1" width="60" height="120"/>
    <SubTexture name="portraits/madeline/joined" x="62" y="1" width="60" height="120"/>
    <SubTexture name="portraits/madeline/win" x="1" y="122" width="50" height="50"/>
    <SubTexture name="portraits/madeline/lose" x="52" y="122" width="50" height="50"/>
    <SubTexture name="portraits/madeline/gem" x="1" y="173" width="160" height="40"/>
    <SubTexture name="portraits/madeline/notJoinedAlt" x="123" y="1" width="60" height="120"/>
    <SubTexture name="portraits/madeline/joinedAlt" x="184" y="1" width="60" height="120"/>
    <SubTexture name="portraits/madeline/winAlt" x="103" y="122" width="50" height="50"/>
    <SubTexture name="portraits/madeline/loseAlt" x="154" y="122" width="50" height="50"/>
    <SubTexture name="portraits/madeline/gemAlt" x="1" y="214" width="160" height="40"/>
</TextureAtlas>