<SpriteData>
  <sprite_string id="BadelineBody">
    <Texture>player/BadelineBody</Texture>
    <RedTexture>player/body4_red</RedTexture>
    <BlueTexture>player/body4_blue</BlueTexture>
    <FrameWidth>20</FrameWidth>
    <FrameHeight>20</FrameHeight>
    <OriginX>12</OriginX>
    <OriginY>20</OriginY>
    <X>0</X>
    <Y>8</Y>
    <Animations>
      <Anim id="stand" frames="0"/>
      <Anim id="run" delay=".06" frames="2,1,2,3"/>
      <Anim id="jump" delay=".06" frames="5" loop="False"/>
      <Anim id="fall" delay=".06" frames="7" loop="True"/>
      <Anim id="glide" delay=".06" frames="7" loop="True"/>
      <Anim id="ledge" frames="4"/>
      <Anim id="dodge" delay=".1" frames="9"/>
      <Anim id="duck" frames="11"/>
      <Anim id="slide_nohat" frames="10"/>
      <Anim id="slide_normal" frames="10"/>
      <Anim id="slide_crown" frames="10"/>
    </Animations>
    <HeadYOrigins>19,19,18,17,19,19,18,18,18,18,15,15</HeadYOrigins>
  </sprite_string>

  <sprite_string id="BadelineHeadNormal">
    <Texture>player/head/BadelineHeadNormal</Texture>
    <RedTexture>player/head/Normal4</RedTexture>
    <BlueTexture>player/head/Normal4</BlueTexture>
    <FrameWidth>10</FrameWidth>
    <FrameHeight>10</FrameHeight>
    <OriginX>6</OriginX>
    <OriginY>0</OriginY>
    <X>0</X>
    <Y>7</Y>
    <Animations>
      <Anim id="idle" frames="0"/>
      <Anim id="lookUp" frames="1"/>
      <Anim id="lookDown" frames="2"/>
      <Anim id="lookBack" frames="3"/>
      <Anim id="idleFall" frames="0"/>
      <Anim id="lookUpFall" frames="1"/>
      <Anim id="lookDownFall" frames="2"/>
      <Anim id="lookBackFall" frames="3"/>
      <Anim id="idleJump" frames="0"/>
      <Anim id="lookUpJump" frames="1"/>
      <Anim id="lookDownJump" frames="2"/>
      <Anim id="lookBackJump" frames="3"/>
      <Anim id="duck" frames="4"/>
    </Animations>
  </sprite_string>

  <sprite_string id="BadelineCrown">
    <Texture>player/head/BadelineCrown</Texture>
    <FrameWidth>10</FrameWidth>
    <FrameHeight>10</FrameHeight>
    <OriginX>6</OriginX>
    <OriginY>0</OriginY>
    <X>0</X>
    <Y>8</Y>
    <Animations>
      <Anim id="idle" frames="0"/>
      <Anim id="lookUp" frames="1"/>
      <Anim id="lookDown" frames="2"/>
      <Anim id="lookBack" frames="3"/>
      <Anim id="idleFall" frames="0"/>
      <Anim id="lookUpFall" frames="1"/>
      <Anim id="lookDownFall" frames="2"/>
      <Anim id="lookBackFall" frames="3"/>
      <Anim id="idleJump" frames="0"/>
      <Anim id="lookUpJump" frames="1"/>
      <Anim id="lookDownJump" frames="2"/>
      <Anim id="lookBackJump" frames="3"/>
      <Anim id="duck" frames="4"/>
    </Animations>
  </sprite_string>

  <sprite_string id="BadelineBow">
    <Texture>player/BadelineBow</Texture>
    <RedTexture>player/MadelineBow</RedTexture>
    <BlueTexture>player/MadelineBow</BlueTexture>
    <FrameWidth>20</FrameWidth>
    <FrameHeight>13</FrameHeight>
    <OriginX>5</OriginX>
    <OriginY>5</OriginY>
    <X>0</X>
    <Y>-2</Y>
    <DownY>1</DownY>
    <Animations>
      <Anim id="idle" frames="1"/>
      <Anim id="drawn" frames="0"/>
      <Anim id="drawnEmpty" frames="2"/>
    </Animations>
  </sprite_string>

    <sprite_string id="Madeline">
    <Texture>corpses/madeline/normal</Texture>
    <BlueTeam>corpses/madeline/blueTeam</BlueTeam>
    <RedTeam>corpses/madeline/redTeam</RedTeam>
    <Flash>corpses/madeline/flash</Flash>
    <FrameWidth>12</FrameWidth>
    <FrameHeight>20</FrameHeight>
    <Animations>
      <Anim id="ground" frames="0"/>
      <Anim id="fall" frames="1"/>
      <Anim id="pinned" frames="2"/>
      <Anim id="slouched" frames="3"/>
      <Anim id="flying" frames="4"/>
      <Anim id="ledge" frames="5"/>
    </Animations>
  </sprite_string>

  <sprite_string id="Badeline">
    <Texture>corpses/badeline/normal</Texture>
    <BlueTeam>corpses/badeline/blueTeam</BlueTeam>
    <RedTeam>corpses/badeline/redTeam</RedTeam>
    <Flash>corpses/badeline/flash</Flash>
    <FrameWidth>12</FrameWidth>
    <FrameHeight>20</FrameHeight>
    <Animations>
      <Anim id="ground" frames="0"/>
      <Anim id="fall" frames="1"/>
      <Anim id="pinned" frames="2"/>
      <Anim id="slouched" frames="3"/>
      <Anim id="flying" frames="4"/>
      <Anim id="ledge" frames="5"/>
    </Animations>
  </sprite_string>

 </SpriteData>